{"content":[{"id":"9f0649a","settings":{"height":"full","background_background":"classic","background_image":{"id":"124","url":"https:\/\/projetos.luarmedia.com.br\/wp-content\/uploads\/2022\/03\/bg-1.jpeg"},"background_size":"cover","background_overlay_background":"classic","background_overlay_color":"#020101","background_overlay_opacity":{"unit":"px","size":0,"sizes":[]},"padding_mobile":{"unit":"px","top":"0","right":"10","bottom":"0","left":"10","isLinked":false},"background_image_mobile":{"url":"https:\/\/projetos.luarmedia.com.br\/wp-content\/uploads\/2022\/03\/BACKGROUND.jpg","id":144,"alt":"","source":"library"}},"elements":[{"id":"5aa27e9e","settings":{"_column_size":100,"_inline_size":null,"content_position":"center","background_background":"classic","background_color":"#FFFFFF00","border_radius":{"unit":"px","top":"18","right":"18","bottom":"18","left":"18","isLinked":true},"box_shadow_box_shadow":{"horizontal":0,"vertical":0,"blur":10,"spread":0,"color":"rgba(0, 0, 0, 0.79)"},"margin":{"unit":"px","top":"0","right":"200","bottom":"0","left":"200","isLinked":false},"margin_tablet":{"unit":"px","top":"0","right":"0","bottom":"0","left":"0","isLinked":false},"margin_mobile":{"unit":"px","top":"0","right":"0","bottom":"0","left":"0","isLinked":true},"padding":{"unit":"em","top":"","right":"","bottom":"","left":"","isLinked":true},"padding_tablet":{"unit":"px","top":"10","right":"10","bottom":"10","left":"10","isLinked":true},"padding_mobile":{"unit":"px","top":"0","right":"0","bottom":"0","left":"0","isLinked":true}},"elements":[{"id":"334ba401","settings":{"space_mobile":{"unit":"px","size":200,"sizes":[]},"hide_desktop":"hidden-desktop","hide_tablet":"hidden-tablet"},"elements":[],"isInner":false,"widgetType":"spacer","elType":"widget"},{"id":"792178b1","settings":{"margin_mobile":{"unit":"px","top":"0","right":0,"bottom":"0","left":0,"isLinked":true},"padding_mobile":{"unit":"px","top":"0","right":"0","bottom":"0","left":"0","isLinked":false},"padding":{"unit":"px","top":"0","right":"0","bottom":"0","left":"0","isLinked":false}},"elements":[{"id":"4f24c374","settings":{"_column_size":100,"_inline_size":null,"_inline_size_tablet":100,"content_position_mobile":"center","align_mobile":"center","background_background":"classic","background_color":"#000000","border_radius":{"unit":"px","top":"10","right":"10","bottom":"10","left":"10","isLinked":true},"box_shadow_box_shadow_type":"yes","box_shadow_box_shadow":{"horizontal":0,"vertical":0,"blur":10,"spread":0,"color":"rgba(0, 0, 0, 0.86)"},"margin_tablet":{"unit":"px","top":"0","right":"0","bottom":"0","left":"0","isLinked":true},"padding_tablet":{"unit":"em","top":"","right":"","bottom":"","left":"","isLinked":true},"padding":{"unit":"px","top":"30","right":"30","bottom":"30","left":"30","isLinked":true}},"elements":[{"id":"5f2bc120","settings":{"title":"Tudo Pronto!","align":"center","title_color":"#FFEF00","typography_typography":"custom","typography_font_family":"Roboto","typography_font_size":{"unit":"px","size":36,"sizes":[]},"typography_font_weight":"600","typography_text_transform":"uppercase"},"elements":[],"isInner":false,"widgetType":"heading","elType":"widget"},{"id":"cf986f4","settings":{"title":"Clique no bot\u00e3o abaixo para continuar","align":"center","title_color":"#FFFFFF","typography_typography":"custom","typography_font_family":"Roboto","typography_font_size":{"unit":"px","size":19,"sizes":[]},"typography_font_weight":"600","typography_font_size_mobile":{"unit":"px","size":18,"sizes":[]}},"elements":[],"isInner":false,"widgetType":"heading","elType":"widget"},{"id":"405168a7","settings":{"text":"CONTINUAR","link":{"url":"\/lp","is_external":"","nofollow":"","custom_attributes":""},"align":"justify","typography_typography":"custom","typography_font_family":"Roboto","typography_font_size":{"unit":"px","size":28,"sizes":[]},"typography_font_weight":"bold","typography_letter_spacing":{"unit":"px","size":2.5,"sizes":[]},"button_text_color":"#000000","background_color":"#F7CE6A","border_radius":{"unit":"px","top":"10","right":"10","bottom":"10","left":"10","isLinked":true}},"elements":[],"isInner":false,"widgetType":"button","elType":"widget"}],"isInner":true,"elType":"column"}],"isInner":true,"elType":"section"},{"id":"5a6e86a4","settings":{"title":"\u00a9 2022 \u2013 Todos os direitos reservados. Este site n\u00e3o faz parte nem \u00e9 endossado pelo Facebook. Facebook \u00e9 uma marca comercial da Facebook, Inc.","align":"center","title_color":"#FFFFFF","typography_typography":"custom","typography_font_family":"Roboto","typography_font_size":{"unit":"px","size":18,"sizes":[]},"typography_font_weight":"500","_margin":{"unit":"px","top":"0","right":"0","bottom":"0","left":"0","isLinked":false},"_padding":{"unit":"px","top":"20","right":"0","bottom":"0","left":"0","isLinked":false},"_offset_y":{"unit":"px","size":193,"sizes":[]},"typography_font_size_mobile":{"unit":"px","size":15,"sizes":[]},"typography_line_height_mobile":{"unit":"em","size":1.3,"sizes":[]}},"elements":[],"isInner":false,"widgetType":"heading","elType":"widget"},{"id":"318e8c","settings":{"space_mobile":{"unit":"px","size":200,"sizes":[]},"hide_desktop":"hidden-desktop","hide_tablet":"hidden-tablet"},"elements":[],"isInner":false,"widgetType":"spacer","elType":"widget"}],"isInner":false,"elType":"column"}],"isInner":false,"elType":"section"}],"page_settings":{"background_background":"classic","background_color":"#E61B1B00","background_image":{"url":"https:\/\/projetos.luarmedia.com.br\/wp-content\/uploads\/2022\/03\/BACKGROUND.jpg","id":144,"alt":"","source":"library"},"background_image_mobile":{"url":"https:\/\/misteriosdareconquista.online\/wp-content\/uploads\/2022\/03\/bg.jpeg","id":11},"background_repeat":"no-repeat","background_repeat_mobile":"no-repeat","background_size":"cover","background_size_mobile":"cover"},"version":"0.4","title":"[PLR-MILION\u00c1RIO][PS]","type":"page"}