{"content":[{"id":"79bf663c","settings":{"content_position":"middle","background_background":"classic","background_image":{"url":"","id":"","alt":"","source":"library"},"background_position":"top center","background_size":"cover","background_overlay_background":"classic","background_overlay_opacity":{"unit":"px","size":0.6,"sizes":[]},"padding_mobile":{"unit":"px","top":"100","right":"10","bottom":"100","left":"10","isLinked":false},"padding":{"unit":"px","top":"50","right":"0","bottom":"100","left":"0","isLinked":false}},"elements":[{"id":"1c8f59ae","settings":{"_column_size":100,"_inline_size":null},"elements":[{"id":"41db5277","settings":{"image":{"id":143,"url":"https:\/\/projetos.luarmedia.com.br\/wp-content\/uploads\/2022\/03\/ULTRASECRETO.png","alt":"","source":"library"},"width":{"unit":"%","size":50,"sizes":[]},"width_mobile":{"unit":"%","size":100,"sizes":[]}},"elements":[],"isInner":false,"widgetType":"image","elType":"widget"},{"id":"3302870e","settings":{"title":"Simples Vitamina de 6 Ingredientes Derrete Muita Gordura","align":"center","title_color":"#FFFFFF","typography_typography":"custom","typography_font_family":"Roboto","typography_font_size":{"unit":"px","size":40,"sizes":[]},"typography_font_size_mobile":{"unit":"px","size":30,"sizes":[]},"typography_font_weight":"600","typography_line_height":{"unit":"em","size":"","sizes":[]},"_margin":{"unit":"px","top":"0","right":"200","bottom":"0","left":"200","isLinked":false},"_margin_mobile":{"unit":"px","top":"0","right":"0","bottom":"0","left":"0","isLinked":false},"typography_font_size_tablet":{"unit":"px","size":35,"sizes":[]},"_margin_tablet":{"unit":"px","top":"0","right":"80","bottom":"0","left":"80","isLinked":false}},"elements":[],"isInner":false,"widgetType":"heading","elType":"widget"},{"id":"61d142da","settings":{"html":"<script type=\"text\/javascript\" id=\"scr_6226ac18aa8f7e000965d88e\">var s=document.createElement(\"script\");s.src=\"https:\/\/cdn.converteai.net\/8b03b5e9-1e95-4b45-9063-037ac9b350ab\/players\/6226ac18aa8f7e000965d88e\/player.js\",s.async=!0,document.head.appendChild(s);<\/script>","_margin":{"unit":"px","top":"0","right":"200","bottom":"0","left":"200","isLinked":false},"_margin_mobile":{"unit":"px","top":"0","right":"0","bottom":"0","left":"0","isLinked":false},"_margin_tablet":{"unit":"px","top":"0","right":"100","bottom":"0","left":"100","isLinked":false}},"elements":[],"isInner":false,"widgetType":"html","elType":"widget"},{"id":"27b200d5","settings":{"text":"<span class=\"span-btn\">QUERO OBTER ACESSO!<\/span>                 <span class=\"span-btn2\">(aten\u00e7\u00e3o: vagas limitadas)<\/span>","link":{"url":"https:\/\/pay.kiwify.com.br\/8yj82EU","is_external":"","nofollow":"","custom_attributes":""},"align":"justify","typography_typography":"custom","typography_font_family":"Oswald","typography_font_size":{"unit":"px","size":25,"sizes":[]},"typography_font_weight":"bold","background_color":"#D75715","text_padding":{"unit":"px","top":"20","right":"50","bottom":"20","left":"50","isLinked":false},"text_padding_mobile":{"unit":"px","top":"20","right":"20","bottom":"20","left":"20","isLinked":true},"_margin":{"unit":"px","top":"0","right":"200","bottom":"0","left":"200","isLinked":false},"_margin_mobile":{"unit":"px","top":"0","right":"0","bottom":"0","left":"0","isLinked":false},"_css_classes":"button_checkout","_attributes":"style|display:none","custom_css":"    .span-btn {\r\n      text-decoration: none;\r\n      -webkit-font-smoothing: antialiased; \r\n      text-align: center;\r\n      margin: 0; \r\n      border: 0; \r\n      font: inherit;\r\n      vertical-align: baseline;\r\n      display: block; \r\n      position: relative; \r\n      z-index: 1; \r\n      padding: 0 15px; \r\n      white-space: normal; \r\n      font-size: 25px;\r\n      color: #ffffff; \r\n      font-family: Oswald; \r\n      font-weight: bold; \r\n      text-shadow: #000000 0px 1px 0px;\r\n      text-decoration: none;\r\n    }\r\n    .span-btn2 {\r\n      -webkit-font-smoothing: antialiased; \r\n      text-align: center;\r\n      padding: 0; border: 0;\r\n      font: inherit; \r\n      vertical-align: baseline; \r\n      display: block; \r\n      position: relative;\r\n      z-index: 1; \r\n      margin: .2em 0 -.5em; \r\n      font-size: 15px; \r\n      color: #f5e051; \r\n      font-family: Cabin; \r\n      font-weight: bold; \r\n      font-style: italic;\r\n      text-shadow: #000000 0px 1px 0px;\r\n    }","_margin_tablet":{"unit":"px","top":"0","right":"100","bottom":"0","left":"100","isLinked":false}},"elements":[],"isInner":false,"widgetType":"button","elType":"widget"},{"id":"1d591a9e","settings":{"html":"<script src=\"https:\/\/cdnjs.cloudflare.com\/ajax\/libs\/jquery\/3.5.1\/jquery.min.js\" integrity=\"sha512-bLT0Qm9VnAYZDflyKcBaQ2gg0hSYNQrJ8RilYldYQ1FxQYoCLtUjuuRuZo+fjqhx\/qtq\/1itJ0C2ejDxltZVFg==\" crossorigin=\"anonymous\"><\/script>\r\n\r\n<script>\r\nminutes = 1;\r\nseconds = 0;\r\n\r\nconversionMinutes = minutes * 60000;\r\nconversionSeconds = seconds * 1000;\r\n\r\nfullTime = conversionSeconds + conversionMinutes;\r\n\r\n$(document).ready(function() {\r\n    setTimeout(function() { \r\n        $('.button_checkout').show(); \r\n }, fullTime); \r\n})\r\n\r\n<\/script>"},"elements":[],"isInner":false,"widgetType":"html","elType":"widget"}],"isInner":false,"elType":"column"}],"isInner":false,"elType":"section"},{"id":"17b7e303","settings":{"background_background":"classic","background_color":"#000000","padding":{"unit":"px","top":"20","right":"20","bottom":"20","left":"20","isLinked":true}},"elements":[{"id":"7f67c4d1","settings":{"_column_size":100,"_inline_size":null},"elements":[{"id":"24d44d","settings":{"editor":"<p><span style=\"color: #ffffff;\"><a style=\"color: #ffffff;\" href=\"\/termos-de-uso\">Termos de Uso<\/a> | <a style=\"color: #ffffff;\" href=\"\/politicas-de-privacidade\">Pol\u00edticas de Privacidade<\/a><\/span><\/p>","align":"center","text_color":"#FFFFFF","typography_typography":"custom","typography_font_family":"Roboto","typography_font_size":{"unit":"px","size":14,"sizes":[]},"typography_font_weight":"400","typography_line_height":{"unit":"em","size":1,"sizes":[]}},"elements":[],"isInner":false,"widgetType":"text-editor","elType":"widget"}],"isInner":false,"elType":"column"}],"isInner":false,"elType":"section"}],"page_settings":{"eael_ext_toc_title":"Table of Contents","background_background":"classic","background_color":"#00000000","background_image":{"url":"https:\/\/projetos.luarmedia.com.br\/wp-content\/uploads\/2022\/03\/BACKGROUND.jpg","id":144,"alt":"","source":"library"},"background_position":"top center","background_attachment":"scroll","background_repeat":"no-repeat","background_size":"cover","background_image_mobile":{"url":"https:\/\/projetos.luarmedia.com.br\/wp-content\/uploads\/2022\/03\/BACKGROUND.jpg","id":144,"alt":"","source":"library"}},"version":"0.4","title":"[PLR-MILION\u00c1RIO][PV]","type":"page"}